remark,"CSV-Import-Export"
remark,"Date = Thu Jul 09 14:08:27 2015"
remark,"Version = RSLogix 5000 v20.01"
remark,"Owner = SUTD_ITrust"
remark,"Company = SUTD_ITrust"
0.3
TYPE,SCOPE,NAME,DESCRIPTION,DATATYPE,SPECIFIER,ATTRIBUTES
TAG,,P6:I,"","AB:1756_ENET_4SLOT:I:0","","(ExternalAccess := Read/Write)"
TAG,,P6:O,"","AB:1756_ENET_4SLOT:O:0","","(ExternalAccess := Read/Write)"
TAG,,P2:I,"","AB:1756_ENET_4SLOT:I:0","","(ExternalAccess := Read/Write)"
TAG,,P2:O,"","AB:1756_ENET_4SLOT:O:0","","(ExternalAccess := Read/Write)"
TAG,,RIO3:0:C,"","AB:1794_IB32:C:0","","(ExternalAccess := Read/Write)"
TAG,,RIO3:0:I,"","AB:1794_IB32:I:0","","(ExternalAccess := Read/Write)"
TAG,,RIO3:1:C,"","AB:1794_DO16:C:0","","(ExternalAccess := Read/Write)"
ALIAS,,RIO3:1:O,"","","RIO3:O.Data[1]","(RADIX := Binary, ExternalAccess := Read/Write)"
TAG,,RIO3:2:C,"","AB:1794_IE12:C:0","","(ExternalAccess := Read/Write)"
TAG,,RIO3:2:I,"","AB:1794_IE12:I:0","","(ExternalAccess := Read/Write)"
TAG,,RIO3:2:O,"","AB:1794_IE12:O:0","","(ExternalAccess := Read/Write)"
TAG,,RIO3:I,"","AB:1794_AEN_8SLOT:I:0","","(ExternalAccess := Read/Write)"
TAG,,RIO3:O,"","AB:1794_AEN_8SLOT:O:0","","(ExternalAccess := Read/Write)"
TAG,,P4:I,"","AB:1756_ENET_4SLOT:I:0","","(ExternalAccess := Read/Write)"
TAG,,P4:O,"","AB:1756_ENET_4SLOT:O:0","","(ExternalAccess := Read/Write)"
TAG,,WRIO3:1:C,"","AB:1734_IE4:C:0","","(ExternalAccess := Read/Write)"
TAG,,WRIO3:1:I,"","AB:1734_IE4:I:0","","(ExternalAccess := Read/Write)"
TAG,,WRIO3:I,"","PS:1734_2SLOT:I:0","","(ExternalAccess := Read/Write)"
TAG,,WRIO3:O,"","PS:1734_2SLOT:O:0","","(ExternalAccess := Read/Write)"
TAG,,AI_DPIT_301_DPRESS,"","INT","","(RADIX := Decimal, Constant := false, ExternalAccess := Read/Write)"
TAG,,AI_DPIT_301_DPRESS_HTY,"","BOOL","","(RADIX := Decimal, Constant := false, ExternalAccess := Read/Write)"
TAG,,AI_FIT_301_FLOW,"","INT","","(RADIX := Decimal, Constant := false, ExternalAccess := Read/Write)"
TAG,,AI_FIT_301_FLOW_HTY,"","BOOL","","(RADIX := Decimal, Constant := false, ExternalAccess := Read/Write)"
TAG,,AI_LIT_301_LEVEL,"","INT","","(RADIX := Decimal, Constant := false, ExternalAccess := Read/Write)"
TAG,,AI_LIT_301_LEVEL_HTY,"","BOOL","","(RADIX := Decimal, Constant := false, ExternalAccess := Read/Write)"
TAG,,AI_RIO3_SPARE_03,"","INT","","(RADIX := Decimal, Constant := false, ExternalAccess := Read/Write)"
TAG,,AI_RIO3_SPARE_03_HTY,"","BOOL","","(RADIX := Decimal, Constant := false, ExternalAccess := Read/Write)"
TAG,,AI_RIO3_SPARE_04,"","INT","","(RADIX := Decimal, Constant := false, ExternalAccess := Read/Write)"
TAG,,AI_RIO3_SPARE_04_HTY,"","BOOL","","(RADIX := Decimal, Constant := false, ExternalAccess := Read/Write)"
TAG,,AI_RIO3_SPARE_05,"","INT","","(RADIX := Decimal, Constant := false, ExternalAccess := Read/Write)"
TAG,,AI_RIO3_SPARE_05_HTY,"","BOOL","","(RADIX := Decimal, Constant := false, ExternalAccess := Read/Write)"
TAG,,AI_RIO3_SPARE_06,"","INT","","(RADIX := Decimal, Constant := false, ExternalAccess := Read/Write)"
TAG,,AI_RIO3_SPARE_06_HTY,"","BOOL","","(RADIX := Decimal, Constant := false, ExternalAccess := Read/Write)"
TAG,,AI_RIO3_SPARE_07,"","INT","","(RADIX := Decimal, Constant := false, ExternalAccess := Read/Write)"
TAG,,AI_RIO3_SPARE_07_HTY,"","BOOL","","(RADIX := Decimal, Constant := false, ExternalAccess := Read/Write)"
TAG,,AI_RIO3_SPARE_08,"","INT","","(RADIX := Decimal, Constant := false, ExternalAccess := Read/Write)"
TAG,,AI_RIO3_SPARE_08_HTY,"","BOOL","","(RADIX := Decimal, Constant := false, ExternalAccess := Read/Write)"
TAG,,AI_RIO3_SPARE_09,"","INT","","(RADIX := Decimal, Constant := false, ExternalAccess := Read/Write)"
TAG,,AI_RIO3_SPARE_09_HTY,"","BOOL","","(RADIX := Decimal, Constant := false, ExternalAccess := Read/Write)"
TAG,,AI_RIO3_SPARE_10,"","INT","","(RADIX := Decimal, Constant := false, ExternalAccess := Read/Write)"
TAG,,AI_RIO3_SPARE_10_HTY,"","BOOL","","(RADIX := Decimal, Constant := false, ExternalAccess := Read/Write)"
TAG,,AI_RIO3_SPARE_11,"","INT","","(RADIX := Decimal, Constant := false, ExternalAccess := Read/Write)"
TAG,,AI_RIO3_SPARE_11_HTY,"","BOOL","","(RADIX := Decimal, Constant := false, ExternalAccess := Read/Write)"
TAG,,DI_DPSH_301_HIGH,"","BOOL","","(RADIX := Decimal, Constant := false, ExternalAccess := Read/Write)"
TAG,,DI_MV_301_ZSC,"","BOOL","","(RADIX := Decimal, Constant := false, ExternalAccess := Read/Write)"
TAG,,DI_MV_301_ZSO,"","BOOL","","(RADIX := Decimal, Constant := false, ExternalAccess := Read/Write)"
TAG,,DI_MV_302_ZSC,"","BOOL","","(RADIX := Decimal, Constant := false, ExternalAccess := Read/Write)"
TAG,,DI_MV_302_ZSO,"","BOOL","","(RADIX := Decimal, Constant := false, ExternalAccess := Read/Write)"
TAG,,DI_MV_303_ZSC,"","BOOL","","(RADIX := Decimal, Constant := false, ExternalAccess := Read/Write)"
TAG,,DI_MV_303_ZSO,"","BOOL","","(RADIX := Decimal, Constant := false, ExternalAccess := Read/Write)"
TAG,,DI_MV_304_ZSC,"","BOOL","","(RADIX := Decimal, Constant := false, ExternalAccess := Read/Write)"
TAG,,DI_MV_304_ZSO,"","BOOL","","(RADIX := Decimal, Constant := false, ExternalAccess := Read/Write)"
TAG,,DI_PSH_301_HIGH,"","BOOL","","(RADIX := Decimal, Constant := false, ExternalAccess := Read/Write)"
TAG,,DI_P_301_AUTO,"","BOOL","","(RADIX := Decimal, Constant := false, ExternalAccess := Read/Write)"
TAG,,DI_P_301_FAULT,"","BOOL","","(RADIX := Decimal, Constant := false, ExternalAccess := Read/Write)"
TAG,,DI_P_301_RUN,"","BOOL","","(RADIX := Decimal, Constant := false, ExternalAccess := Read/Write)"
TAG,,DI_P_302_AUTO,"","BOOL","","(RADIX := Decimal, Constant := false, ExternalAccess := Read/Write)"
TAG,,DI_P_302_FAULT,"","BOOL","","(RADIX := Decimal, Constant := false, ExternalAccess := Read/Write)"
TAG,,DI_P_302_RUN,"","BOOL","","(RADIX := Decimal, Constant := false, ExternalAccess := Read/Write)"
TAG,,DI_RIO3_SPARE_18,"","BOOL","","(RADIX := Decimal, Constant := false, ExternalAccess := Read/Write)"
TAG,,DI_RIO3_SPARE_19,"","BOOL","","(RADIX := Decimal, Constant := false, ExternalAccess := Read/Write)"
TAG,,DI_RIO3_SPARE_20,"","BOOL","","(RADIX := Decimal, Constant := false, ExternalAccess := Read/Write)"
TAG,,DI_RIO3_SPARE_21,"","BOOL","","(RADIX := Decimal, Constant := false, ExternalAccess := Read/Write)"
TAG,,DI_RIO3_SPARE_22,"","BOOL","","(RADIX := Decimal, Constant := false, ExternalAccess := Read/Write)"
TAG,,DI_RIO3_SPARE_23,"","BOOL","","(RADIX := Decimal, Constant := false, ExternalAccess := Read/Write)"
TAG,,DI_RIO3_SPARE_24,"","BOOL","","(RADIX := Decimal, Constant := false, ExternalAccess := Read/Write)"
TAG,,DI_RIO3_SPARE_25,"","BOOL","","(RADIX := Decimal, Constant := false, ExternalAccess := Read/Write)"
TAG,,DI_RIO3_SPARE_26,"","BOOL","","(RADIX := Decimal, Constant := false, ExternalAccess := Read/Write)"
TAG,,DI_RIO3_SPARE_27,"","BOOL","","(RADIX := Decimal, Constant := false, ExternalAccess := Read/Write)"
TAG,,DI_RIO3_SPARE_28,"","BOOL","","(RADIX := Decimal, Constant := false, ExternalAccess := Read/Write)"
TAG,,DI_RIO3_SPARE_29,"","BOOL","","(RADIX := Decimal, Constant := false, ExternalAccess := Read/Write)"
TAG,,DI_RIO3_SPARE_30,"","BOOL","","(RADIX := Decimal, Constant := false, ExternalAccess := Read/Write)"
TAG,,DI_RIO3_SPARE_31,"","BOOL","","(RADIX := Decimal, Constant := false, ExternalAccess := Read/Write)"
TAG,,DI_WIFI_PLC_3,"","BOOL","","(RADIX := Decimal, Constant := false, ExternalAccess := Read/Write)"
TAG,,DI_WIFI_RIO_3,"","BOOL","","(RADIX := Decimal, Constant := false, ExternalAccess := Read/Write)"
TAG,,DO_MV_301_CLOSE,"","BOOL","","(RADIX := Decimal, Constant := false, ExternalAccess := Read/Write)"
TAG,,DO_MV_301_OPEN,"","BOOL","","(RADIX := Decimal, Constant := false, ExternalAccess := Read/Write)"
TAG,,DO_MV_302_CLOSE,"","BOOL","","(RADIX := Decimal, Constant := false, ExternalAccess := Read/Write)"
TAG,,DO_MV_302_OPEN,"","BOOL","","(RADIX := Decimal, Constant := false, ExternalAccess := Read/Write)"
TAG,,DO_MV_303_CLOSE,"","BOOL","","(RADIX := Decimal, Constant := false, ExternalAccess := Read/Write)"
TAG,,DO_MV_303_OPEN,"","BOOL","","(RADIX := Decimal, Constant := false, ExternalAccess := Read/Write)"
TAG,,DO_MV_303_START,"","BOOL","","(RADIX := Decimal, Constant := false, ExternalAccess := Read/Write)"
TAG,,DO_MV_304_CLOSE,"","BOOL","","(RADIX := Decimal, Constant := false, ExternalAccess := Read/Write)"
TAG,,DO_MV_304_OPEN,"","BOOL","","(RADIX := Decimal, Constant := false, ExternalAccess := Read/Write)"
TAG,,DO_P_301_START,"","BOOL","","(RADIX := Decimal, Constant := false, ExternalAccess := Read/Write)"
TAG,,DO_P_302_START,"","BOOL","","(RADIX := Decimal, Constant := false, ExternalAccess := Read/Write)"
TAG,,DO_RIO2_SPARE_10,"","BOOL","","(RADIX := Decimal, Constant := false, ExternalAccess := Read/Write)"
TAG,,DO_RIO3_SPARE_10,"","BOOL","","(RADIX := Decimal, Constant := false, ExternalAccess := Read/Write)"
TAG,,DO_RIO3_SPARE_11,"","BOOL","","(RADIX := Decimal, Constant := false, ExternalAccess := Read/Write)"
TAG,,DO_RIO3_SPARE_12,"","BOOL","","(RADIX := Decimal, Constant := false, ExternalAccess := Read/Write)"
TAG,,DO_RIO3_SPARE_13,"","BOOL","","(RADIX := Decimal, Constant := false, ExternalAccess := Read/Write)"
TAG,,DO_RIO3_SPARE_14,"","BOOL","","(RADIX := Decimal, Constant := false, ExternalAccess := Read/Write)"
TAG,,DO_RIO3_SPARE_15,"","BOOL","","(RADIX := Decimal, Constant := false, ExternalAccess := Read/Write)"
TAG,,DPIT301_FB,"","AIN_FBD","","(Constant := false, ExternalAccess := Read/Write)"
TAG,,DPSH301_FB,"","SWITCH_FBD","","(Constant := false, ExternalAccess := Read/Write)"
TAG,,FIT301_FB,"","FIT_FBD","","(Constant := false, ExternalAccess := Read/Write)"
TAG,,HMI_BACKWASH_SEC,"","INT","","(RADIX := Decimal, Constant := false, ExternalAccess := Read/Write)"
TAG,,HMI_BACKWASH_SEC_SP,"","INT","","(RADIX := Decimal, Constant := false, ExternalAccess := Read/Write)"
TAG,,HMI_BW_CNT,"","INT","","(RADIX := Decimal, Constant := false, ExternalAccess := Read/Write)"
TAG,,HMI_CIP_CLEANING_SEC,"","INT","","(RADIX := Decimal, Constant := false, ExternalAccess := Read/Write)"
TAG,,HMI_CIP_CLEANING_SEC_SP,"","INT","","(RADIX := Decimal, Constant := false, ExternalAccess := Read/Write)"
TAG,,HMI_DPIT301,"","AIN_UDT","","(Constant := false, ExternalAccess := Read/Write)"
TAG,,HMI_DPS301,"","SWITCH_UDT","","(Constant := false, ExternalAccess := Read/Write)"
TAG,,HMI_DPSH301,"","SWITCH_UDT","","(Constant := false, ExternalAccess := Read/Write)"
TAG,,HMI_DRAIN_SEC,"","INT","","(RADIX := Decimal, Constant := false, ExternalAccess := Read/Write)"
TAG,,HMI_DRAIN_SEC_SP,"","INT","","(RADIX := Decimal, Constant := false, ExternalAccess := Read/Write)"
TAG,,HMI_FIT301,"","FIT_UDT","","(Constant := false, ExternalAccess := Read/Write)"
TAG,,HMI_LIT301,"","AIN_UDT","","(Constant := false, ExternalAccess := Read/Write)"
TAG,,HMI_LIT401,"","AIN_UDT","","(Constant := false, ExternalAccess := Read/Write)"
TAG,,HMI_MV301,"","MV_UDT","","(Constant := false, ExternalAccess := Read/Write)"
TAG,,HMI_MV302,"","MV_UDT","","(Constant := false, ExternalAccess := Read/Write)"
TAG,,HMI_MV303,"","MV_UDT","","(Constant := false, ExternalAccess := Read/Write)"
TAG,,HMI_MV304,"","MV_UDT","","(Constant := false, ExternalAccess := Read/Write)"
TAG,,HMI_P301,"","PMP_UDT","","(Constant := false, ExternalAccess := Read/Write)"
TAG,,HMI_P301_MSG,"","PRECONDITION_UDT","","(Constant := false, ExternalAccess := Read/Write)"
TAG,,HMI_P302,"","PMP_UDT","","(Constant := false, ExternalAccess := Read/Write)"
TAG,,HMI_P302_MSG,"","PRECONDITION_UDT","","(Constant := false, ExternalAccess := Read/Write)"
TAG,,HMI_P3_PERMISSIVE,"","AUTOINP_UDT","","(Constant := false, ExternalAccess := Read/Write)"
TAG,,HMI_P3_SHUTDOWN,"","BOOL","","(RADIX := Decimal, Constant := false, ExternalAccess := Read/Write)"
TAG,,HMI_P3_STATE,"","INT","","(RADIX := Decimal, Constant := false, ExternalAccess := Read/Write)"
TAG,,HMI_P602,"","PMP_UDT","","(Constant := false, ExternalAccess := Read/Write)"
TAG,,HMI_PLANT,"","PLANT_UDT","","(Constant := false, ExternalAccess := Read/Write)"
TAG,,HMI_PLANT_AUTO,"","PLANT_AUTO_UDT","","(Constant := false, ExternalAccess := Read/Write)"
TAG,,HMI_PLANT_PERMISSIVE,"","BOOL","","(RADIX := Decimal, Constant := false, ExternalAccess := Read/Write)"
TAG,,HMI_PLANT_RESET,"","PLANT_AUTO_UDT","","(Constant := false, ExternalAccess := Read/Write)"
TAG,,HMI_PSH301,"","SWITCH_UDT","","(Constant := false, ExternalAccess := Read/Write)"
TAG,,HMI_P_NAOCL_UF_DUTY,"","Duty2_UDT","","(Constant := false, ExternalAccess := Read/Write)"
TAG,,HMI_P_UF_FEED_DUTY,"","Duty2_UDT","","(Constant := false, ExternalAccess := Read/Write)"
TAG,,HMI_START_PLANT,"","BOOL","","(RADIX := Decimal, Constant := false, ExternalAccess := Read/Write)"
TAG,,HMI_STOP_PLANT,"","BOOL","","(RADIX := Decimal, Constant := false, ExternalAccess := Read/Write)"
TAG,,HMI_TMP_HIGH,"","BOOL","","(RADIX := Decimal, Constant := false, ExternalAccess := Read/Write)"
TAG,,HMI_UF_FILTRATION_MIN,"","INT","","(RADIX := Decimal, Constant := false, ExternalAccess := Read/Write)"
TAG,,HMI_UF_FILTRATION_MIN_SP,"","INT","","(RADIX := Decimal, Constant := false, ExternalAccess := Read/Write)"
TAG,,HMI_UF_REFILL_SEC,"","INT","","(RADIX := Decimal, Constant := false, ExternalAccess := Read/Write)"
TAG,,HMI_UF_REFILL_SEC_SP,"","INT","","(RADIX := Decimal, Constant := false, ExternalAccess := Read/Write)"
TAG,,HMI_WIFI,"","WIFI_UDT","","(Constant := false, ExternalAccess := Read/Write)"
TAG,,LIT301_FB,"","AIN_FBD","","(Constant := false, ExternalAccess := Read/Write)"
TAG,,Logix_Status,"","Logix_Status_FP","","(Constant := false, ExternalAccess := Read/Write)"
TAG,,MIN_TEST,"","DINT","","(RADIX := Decimal, Constant := false, ExternalAccess := Read/Write)"
TAG,,MV301_FB,"","MV_FBD","","(Constant := false, ExternalAccess := Read/Write)"
TAG,,MV302_FB,"","MV_FBD","","(Constant := false, ExternalAccess := Read/Write)"
TAG,,MV303_FB,"","MV_FBD","","(Constant := false, ExternalAccess := Read/Write)"
TAG,,MV304_FB,"","MV_FBD","","(Constant := false, ExternalAccess := Read/Write)"
TAG,,P2_P2078_AUTOINP,"","AUTOINP_UDT","","(Constant := false, ExternalAccess := Read/Write)"
TAG,,P301_FB,"","PMP_FBD","","(Constant := false, ExternalAccess := Read/Write)"
TAG,,P302_FB,"","PMP_FBD","","(Constant := false, ExternalAccess := Read/Write)"
TAG,,P6_P602_AUTOINP,"","AUTOINP_UDT","","(Constant := false, ExternalAccess := Read/Write)"
TAG,,PSH301_FB,"","SWITCH_FBD","","(Constant := false, ExternalAccess := Read/Write)"
TAG,,P_UF_FEED_DUTY_FB,"","Duty2_FBD","","(Constant := false, ExternalAccess := Read/Write)"
TAG,,REDUNDANT_STATUS,"","RED_STAT","","(Constant := false, ExternalAccess := Read/Write)"
TAG,,RTRIG_MIN,"","FBD_ONESHOT","","(Constant := false, ExternalAccess := Read/Write)"
TAG,,R_TRIG,"","FBD_ONESHOT","","(Constant := false, ExternalAccess := Read/Write)"
TAG,,R_TRIG_BW,"","FBD_ONESHOT","","(Constant := false, ExternalAccess := Read/Write)"
TAG,,SEC_TEST,"","INT","","(RADIX := Decimal, Constant := false, ExternalAccess := Read/Write)"
TAG,,TON,"","FBD_TIMER","","(Constant := false, ExternalAccess := Read/Write)"
TAG,,TON_FIT301_P1_TM,"","FBD_TIMER","","(Constant := false, ExternalAccess := Read/Write)"
TAG,,TON_FIT301_P2_TM,"","FBD_TIMER","","(Constant := false, ExternalAccess := Read/Write)"
TAG,,TON_FIT302_TM,"","FBD_TIMER","","(Constant := false, ExternalAccess := Read/Write)"
TAG,,TON_MIN,"","FBD_TIMER","","(Constant := false, ExternalAccess := Read/Write)"
TAG,,W_AI_DPIT_301_DPRESS,"","INT","","(RADIX := Decimal, Constant := false, ExternalAccess := Read/Write)"
TAG,,W_AI_DPIT_301_DPRESS_HTY,"","BOOL","","(RADIX := Decimal, Constant := false, ExternalAccess := Read/Write)"
TAG,,W_AI_FIT_301_FLOW,"","INT","","(RADIX := Decimal, Constant := false, ExternalAccess := Read/Write)"
TAG,,W_AI_FIT_301_FLOW_HTY,"","BOOL","","(RADIX := Decimal, Constant := false, ExternalAccess := Read/Write)"
TAG,,W_AI_LIT_301_LEVEL,"","INT","","(RADIX := Decimal, Constant := false, ExternalAccess := Read/Write)"
TAG,,W_AI_LIT_301_LEVEL_HTY,"","BOOL","","(RADIX := Decimal, Constant := false, ExternalAccess := Read/Write)"
TAG,,W_AI_RIO3_SPARE_03,"","INT","","(RADIX := Decimal, Constant := false, ExternalAccess := Read/Write)"
TAG,,W_AI_RIO3_SPARE_03_HTY,"","BOOL","","(RADIX := Decimal, Constant := false, ExternalAccess := Read/Write)"
TAG,,_FIT301_Tot_Enb,"","BOOL","","(RADIX := Decimal, Constant := false, ExternalAccess := Read/Write)"
TAG,,_LAST_STATE,"","INT","","(RADIX := Decimal, Constant := false, ExternalAccess := Read/Write)"
TAG,,_MIN_P,"","BOOL","","(RADIX := Decimal, Constant := false, ExternalAccess := Read/Write)"
TAG,,_MV301_AutoInp,"","BOOL","","(RADIX := Decimal, Constant := false, ExternalAccess := Read/Write)"
TAG,,_MV302_AutoInp,"","BOOL","","(RADIX := Decimal, Constant := false, ExternalAccess := Read/Write)"
TAG,,_MV303_AutoInp,"","BOOL","","(RADIX := Decimal, Constant := false, ExternalAccess := Read/Write)"
TAG,,_MV304_AutoInp,"","BOOL","","(RADIX := Decimal, Constant := false, ExternalAccess := Read/Write)"
TAG,,_NEXT,"","BOOL","","(RADIX := Decimal, Constant := false, ExternalAccess := Read/Write)"
TAG,,_ON_ENTRY,"","BOOL","","(RADIX := Decimal, Constant := false, ExternalAccess := Read/Write)"
TAG,,_P301_AutoInp,"","BOOL","","(RADIX := Decimal, Constant := false, ExternalAccess := Read/Write)"
TAG,,_P302_AutoInp,"","BOOL","","(RADIX := Decimal, Constant := false, ExternalAccess := Read/Write)"
TAG,,_P602_AutoInp,"","BOOL","","(RADIX := Decimal, Constant := false, ExternalAccess := Read/Write)"
TAG,,_P_NAOCL_UF_DUTY_AutoInp,"","BOOL","","(RADIX := Decimal, Constant := false, ExternalAccess := Read/Write)"
TAG,,_P_UF_FEED_DUTY_AutoInp,"","BOOL","","(RADIX := Decimal, Constant := false, ExternalAccess := Read/Write)"
TAG,,_SEC_P,"","BOOL","","(RADIX := Decimal, Constant := false, ExternalAccess := Read/Write)"
TAG,,Memory_Message,"","MESSAGE","","(ExternalAccess := Read/Write, MessageType := CIP Generic, RequestedLength := 12, ConnectedFlag := 2, ConnectionPath := ""1, 0"", CommTypeCode := 0, ServiceCode := 16#0003, ObjectType := 16#0072, TargetObject := 1, AttributeNumber := 16#0000, LocalIndex := 0, LocalElement := ""Logix_Status.MemoryRequestData[0]"", DestinationTag := ""Logix_Status.MemoryTemp[0]"", LargePacketUsage := false)"
TAG,,P2_P2078_CMD_MSG,"","MESSAGE","","(ExternalAccess := Read/Write, MessageType := CIP Data Table Write, RemoteElement := ""P2_P2078_AUTOINP"", RequestedLength := 1, ConnectedFlag := 1, ConnectionPath := ""P2_CONTROLLER"", CommTypeCode := 0, LocalIndex := 0, LocalElement := ""P2_P2078_AUTOINP"", CacheConnections := ""TRUE"")"
TAG,,P2_P2078_MSG,"","MESSAGE","","(ExternalAccess := Read/Write, MessageType := CIP Data Table Read, RemoteElement := ""HMI_P_NAOCL_UF_DUTY"", RequestedLength := 1, ConnectedFlag := 1, ConnectionPath := ""P2_CONTROLLER"", CommTypeCode := 0, LocalIndex := 0, LocalElement := ""HMI_P_NAOCL_UF_DUTY"", CacheConnections := ""TRUE"")"
TAG,,P4_LIT401_MSG,"","MESSAGE","","(ExternalAccess := Read/Write, MessageType := CIP Data Table Read, RemoteElement := ""HMI_LIT401"", RequestedLength := 1, ConnectedFlag := 1, ConnectionPath := ""P4_CONTROLLER"", CommTypeCode := 0, LocalIndex := 0, LocalElement := ""HMI_LIT401"", CacheConnections := ""TRUE"")"
TAG,,P6_P602_CMD_MSG,"","MESSAGE","","(ExternalAccess := Read/Write, MessageType := CIP Data Table Write, RemoteElement := ""P6_P602_AUTOINP"", RequestedLength := 1, ConnectedFlag := 1, ConnectionPath := ""P6_CONTROLLER"", CommTypeCode := 0, LocalIndex := 0, LocalElement := ""P6_P602_AUTOINP"", CacheConnections := ""TRUE"")"
TAG,,P6_P602_MSG,"","MESSAGE","","(ExternalAccess := Read/Write, MessageType := CIP Data Table Read, RemoteElement := ""HMI_P602"", RequestedLength := 1, ConnectedFlag := 1, ConnectionPath := ""P6_CONTROLLER"", CommTypeCode := 0, LocalIndex := 0, LocalElement := ""HMI_P602"", CacheConnections := ""TRUE"")"
TAG,,P6_P_BW_MSG,"","MESSAGE","","(ExternalAccess := Read/Write, MessageType := CIP Data Table Read, RemoteElement := ""HMI_P602"", RequestedLength := 1, ConnectedFlag := 1, ConnectionPath := ""P6_CONTROLLER"", CommTypeCode := 0, LocalIndex := 0, LocalElement := ""HMI_P602"", CacheConnections := ""TRUE"")"
TYPE,SCOPE,NAME,DESCRIPTION,DATATYPE,SPECIFIER,ATTRIBUTES
TAG,MainProgram,_P_UF_FEED_DUTY_SR,"","DOMINANT_SET","","(Constant := false, ExternalAccess := Read/Write)"
TYPE,SCOPE,NAME,DESCRIPTION,DATATYPE,SPECIFIER,ATTRIBUTES
TAG,AIN_FBD:AOI,WRIO_Enb,"","BOOL","","(RADIX := Decimal, Usage := Input, ExternalAccess := Read/Write, Required := false, Visible := true)"
TAG,AIN_FBD:AOI,Raw_RIO,"","INT","","(RADIX := Decimal, Usage := Input, ExternalAccess := Read/Write, Required := false, Visible := true)"
TAG,AIN_FBD:AOI,Raw_WRIO,"","INT","","(RADIX := Decimal, Usage := Input, ExternalAccess := Read/Write, Required := false, Visible := true)"
TAG,AIN_FBD:AOI,L_Raw_RIO,"","INT","","(RADIX := Decimal, Usage := Input, ExternalAccess := Read/Write, Required := false, Visible := true)"
TAG,AIN_FBD:AOI,H_Raw_RIO,"","INT","","(RADIX := Decimal, Usage := Input, ExternalAccess := Read/Write, Required := false, Visible := true)"
TAG,AIN_FBD:AOI,L_Raw_WRIO,"","INT","","(RADIX := Decimal, Usage := Input, ExternalAccess := Read/Write, Required := false, Visible := true)"
TAG,AIN_FBD:AOI,H_Raw_WRIO,"","INT","","(RADIX := Decimal, Usage := Input, ExternalAccess := Read/Write, Required := false, Visible := true)"
TAG,AIN_FBD:AOI,HEU,"","INT","","(RADIX := Decimal, Usage := Input, ExternalAccess := Read/Write, Required := false, Visible := true)"
TAG,AIN_FBD:AOI,LEU,"","INT","","(RADIX := Decimal, Usage := Input, ExternalAccess := Read/Write, Required := false, Visible := true)"
TAG,AIN_FBD:AOI,Hty,"","BOOL","","(RADIX := Decimal, Usage := Output, ExternalAccess := Read/Write, Required := false, Visible := true)"
TAG,AIN_FBD:AOI,Wifi_Enb,"","BOOL","","(RADIX := Decimal, Usage := Output, ExternalAccess := Read Only, Required := false, Visible := true)"
TAG,AIN_FBD:AOI,AHH,"","BOOL","","(RADIX := Decimal, Usage := Output, ExternalAccess := Read/Write, Required := false, Visible := true)"
TAG,AIN_FBD:AOI,AH,"","BOOL","","(RADIX := Decimal, Usage := Output, ExternalAccess := Read Only, Required := false, Visible := true)"
TAG,AIN_FBD:AOI,AL,"","BOOL","","(RADIX := Decimal, Usage := Output, ExternalAccess := Read Only, Required := false, Visible := true)"
TAG,AIN_FBD:AOI,ALL,"","BOOL","","(RADIX := Decimal, Usage := Output, ExternalAccess := Read/Write, Required := false, Visible := true)"
TAG,AIN_FBD:AOI,SAHH,"","REAL","","(RADIX := Float, Usage := Input, ExternalAccess := Read/Write, Required := false, Visible := true)"
TAG,AIN_FBD:AOI,SAH,"","REAL","","(RADIX := Float, Usage := Input, ExternalAccess := Read/Write, Required := false, Visible := true)"
TAG,AIN_FBD:AOI,SAL,"","REAL","","(RADIX := Float, Usage := Input, ExternalAccess := Read/Write, Required := false, Visible := true)"
TAG,AIN_FBD:AOI,SALL,"","REAL","","(RADIX := Float, Usage := Input, ExternalAccess := Read/Write, Required := false, Visible := true)"
TAG,AIN_FBD:AOI,Simulation,"","BOOL","","(RADIX := Decimal, Usage := Input, ExternalAccess := Read/Write, Required := false, Visible := true)"
TAG,AIN_FBD:AOI,RIO_Hty,"","BOOL","","(RADIX := Decimal, Usage := Input, ExternalAccess := Read/Write, Required := false, Visible := true)"
TAG,AIN_FBD:AOI,WRIO_Hty,"","BOOL","","(RADIX := Decimal, Usage := Input, ExternalAccess := Read/Write, Required := false, Visible := true)"
TAG,AIN_FBD:AOI,Pv,"","REAL","","(RADIX := Float, Usage := InOut, Constant := false, Required := true, Visible := true)"
TAG,AIN_FBD:AOI,Sim_PV,"","REAL","","(RADIX := Float, Usage := InOut, Constant := false, Required := true, Visible := true)"
TAG,AIN_FBD:AOI,HMI,"","AIN_UDT","","(Usage := InOut, Constant := false, Required := true, Visible := true)"
TAG,AIN_FBD:AOI,SCALE,"","SCALE","","(Usage := Local, ExternalAccess := None)"
TAG,AIN_FBD:AOI,ALM,"","ALARM","","(Usage := Local, ExternalAccess := None)"
TAG,AIN_FBD:AOI,_Raw,"","INT","","(RADIX := Decimal, Usage := Local, ExternalAccess := None)"
TAG,AIN_FBD:AOI,_L_Raw,"","INT","","(RADIX := Decimal, Usage := Local, ExternalAccess := None)"
TAG,AIN_FBD:AOI,_H_Raw,"","INT","","(RADIX := Decimal, Usage := Local, ExternalAccess := None)"
TAG,AIN_FBD:AOI,_Inst_Hty,"","BOOL","","(RADIX := Decimal, Usage := Local, ExternalAccess := None)"
TYPE,SCOPE,NAME,DESCRIPTION,DATATYPE,SPECIFIER,ATTRIBUTES
TAG,Duty2_FBD:AOI,AutoInp,"","BOOL","","(RADIX := Decimal, Usage := Input, ExternalAccess := Read/Write, Required := false, Visible := true)"
TAG,Duty2_FBD:AOI,Selection,"","INT","","(RADIX := Decimal, Usage := Input, ExternalAccess := Read/Write, Required := false, Visible := true)"
TAG,Duty2_FBD:AOI,Start_Pmp1,"","BOOL","","(RADIX := Decimal, Usage := Output, ExternalAccess := Read/Write, Required := false, Visible := true)"
TAG,Duty2_FBD:AOI,Start_Pmp2,"","BOOL","","(RADIX := Decimal, Usage := Output, ExternalAccess := Read/Write, Required := false, Visible := true)"
TAG,Duty2_FBD:AOI,PMP1,"","PMP_UDT","","(Usage := InOut, Constant := false, Required := true, Visible := true)"
TAG,Duty2_FBD:AOI,PMP2,"","PMP_UDT","","(Usage := InOut, Constant := false, Required := true, Visible := true)"
TAG,Duty2_FBD:AOI,HMI,"","Duty2_UDT","","(Usage := InOut, Constant := false, Required := true, Visible := true)"
TYPE,SCOPE,NAME,DESCRIPTION,DATATYPE,SPECIFIER,ATTRIBUTES
TAG,FIT_FBD:AOI,WRIO_Enb,"","BOOL","","(RADIX := Decimal, Usage := Input, ExternalAccess := Read/Write, Required := false, Visible := true)"
TAG,FIT_FBD:AOI,Raw_RIO,"","INT","","(RADIX := Decimal, Usage := Input, ExternalAccess := Read/Write, Required := false, Visible := true)"
TAG,FIT_FBD:AOI,Raw_WRIO,"","INT","","(RADIX := Decimal, Usage := Input, ExternalAccess := Read/Write, Required := false, Visible := true)"
TAG,FIT_FBD:AOI,L_Raw_RIO,"","INT","","(RADIX := Decimal, Usage := Input, ExternalAccess := Read/Write, Required := false, Visible := true)"
TAG,FIT_FBD:AOI,H_Raw_RIO,"","INT","","(RADIX := Decimal, Usage := Input, ExternalAccess := Read/Write, Required := false, Visible := true)"
TAG,FIT_FBD:AOI,L_Raw_WRIO,"","INT","","(RADIX := Decimal, Usage := Input, ExternalAccess := Read/Write, Required := false, Visible := true)"
TAG,FIT_FBD:AOI,H_Raw_WRIO,"","INT","","(RADIX := Decimal, Usage := Input, ExternalAccess := Read/Write, Required := false, Visible := true)"
TAG,FIT_FBD:AOI,HEU,"","REAL","","(RADIX := Float, Usage := Input, ExternalAccess := Read/Write, Required := false, Visible := true)"
TAG,FIT_FBD:AOI,LEU,"","REAL","","(RADIX := Float, Usage := Input, ExternalAccess := Read/Write, Required := false, Visible := true)"
TAG,FIT_FBD:AOI,Hty,"","BOOL","","(RADIX := Decimal, Usage := Output, ExternalAccess := Read/Write, Required := false, Visible := true)"
TAG,FIT_FBD:AOI,Wifi_Enb,"","BOOL","","(RADIX := Decimal, Usage := Output, ExternalAccess := Read/Write, Required := false, Visible := true)"
TAG,FIT_FBD:AOI,AHH,"","BOOL","","(RADIX := Decimal, Usage := Output, ExternalAccess := Read/Write, Required := false, Visible := true)"
TAG,FIT_FBD:AOI,AH,"","BOOL","","(RADIX := Decimal, Usage := Output, ExternalAccess := Read Only, Required := false, Visible := true)"
TAG,FIT_FBD:AOI,AL,"","BOOL","","(RADIX := Decimal, Usage := Output, ExternalAccess := Read Only, Required := false, Visible := true)"
TAG,FIT_FBD:AOI,ALL,"","BOOL","","(RADIX := Decimal, Usage := Output, ExternalAccess := Read/Write, Required := false, Visible := true)"
TAG,FIT_FBD:AOI,SAHH,"","REAL","","(RADIX := Float, Usage := Input, ExternalAccess := Read/Write, Required := false, Visible := true)"
TAG,FIT_FBD:AOI,SAH,"","REAL","","(RADIX := Float, Usage := Input, ExternalAccess := Read/Write, Required := false, Visible := true)"
TAG,FIT_FBD:AOI,SAL,"","REAL","","(RADIX := Float, Usage := Input, ExternalAccess := Read/Write, Required := false, Visible := true)"
TAG,FIT_FBD:AOI,SALL,"","REAL","","(RADIX := Float, Usage := Input, ExternalAccess := Read/Write, Required := false, Visible := true)"
TAG,FIT_FBD:AOI,Simulation,"","BOOL","","(RADIX := Decimal, Usage := Input, ExternalAccess := Read/Write, Required := false, Visible := true)"
TAG,FIT_FBD:AOI,RIO_Hty,"","BOOL","","(RADIX := Decimal, Usage := Input, ExternalAccess := Read/Write, Required := false, Visible := true)"
TAG,FIT_FBD:AOI,WRIO_Hty,"","BOOL","","(RADIX := Decimal, Usage := Input, ExternalAccess := Read/Write, Required := false, Visible := true)"
TAG,FIT_FBD:AOI,Totaliser_Enb,"","BOOL","","(RADIX := Decimal, Usage := Input, ExternalAccess := Read/Write, Required := false, Visible := true)"
TAG,FIT_FBD:AOI,Rst_Totaliser,"","BOOL","","(RADIX := Decimal, Usage := Input, ExternalAccess := Read/Write, Required := false, Visible := true)"
TAG,FIT_FBD:AOI,Totaliser,"","REAL","","(RADIX := Float, Usage := InOut, Constant := false, Required := true, Visible := true)"
TAG,FIT_FBD:AOI,Pv,"","REAL","","(RADIX := Float, Usage := InOut, Constant := false, Required := true, Visible := true)"
TAG,FIT_FBD:AOI,Sim_Pv,"","REAL","","(RADIX := Float, Usage := InOut, Constant := false, Required := true, Visible := true)"
TAG,FIT_FBD:AOI,HMI,"","FIT_UDT","","(Usage := InOut, Constant := false, Required := true, Visible := true)"
TAG,FIT_FBD:AOI,SCALE,"","SCALE","","(Usage := Local, ExternalAccess := None)"
TAG,FIT_FBD:AOI,ALM,"","ALARM","","(Usage := Local, ExternalAccess := None)"
TAG,FIT_FBD:AOI,TON,"","FBD_TIMER","","(Usage := Local, ExternalAccess := None)"
TAG,FIT_FBD:AOI,_SEC_P,"","BOOL","","(RADIX := Decimal, Usage := Local, ExternalAccess := None)"
TAG,FIT_FBD:AOI,_Inst_Hty,"","BOOL","","(RADIX := Decimal, Usage := Local, ExternalAccess := None)"
TAG,FIT_FBD:AOI,_L_Raw,"","INT","","(RADIX := Decimal, Usage := Local, ExternalAccess := None)"
TAG,FIT_FBD:AOI,_H_Raw,"","INT","","(RADIX := Decimal, Usage := Local, ExternalAccess := None)"
TAG,FIT_FBD:AOI,_Raw,"","INT","","(RADIX := Decimal, Usage := Local, ExternalAccess := None)"
TAG,FIT_FBD:AOI,R_TRIG,"","FBD_ONESHOT","","(Usage := Local, ExternalAccess := None)"
TYPE,SCOPE,NAME,DESCRIPTION,DATATYPE,SPECIFIER,ATTRIBUTES
TAG,MV_FBD:AOI,Auto,"","BOOL","","(RADIX := Decimal, Usage := Input, ExternalAccess := Read/Write, Required := false, Visible := true)"
TAG,MV_FBD:AOI,Cmd_Open,"","BOOL","","(RADIX := Decimal, Usage := Output, ExternalAccess := Read/Write, Required := false, Visible := true)"
TAG,MV_FBD:AOI,Cmd_Close,"","BOOL","","(RADIX := Decimal, Usage := Output, ExternalAccess := Read/Write, Required := false, Visible := true)"
TAG,MV_FBD:AOI,FTO,"","BOOL","","(RADIX := Decimal, Usage := Output, ExternalAccess := Read/Write, Required := false, Visible := true)"
TAG,MV_FBD:AOI,FTC,"","BOOL","","(RADIX := Decimal, Usage := Output, ExternalAccess := Read Only, Required := false, Visible := true)"
TAG,MV_FBD:AOI,AutoInp,"","BOOL","","(RADIX := Decimal, Usage := Input, ExternalAccess := Read/Write, Required := false, Visible := true)"
TAG,MV_FBD:AOI,ZSO,"","BOOL","","(RADIX := Decimal, Usage := Input, ExternalAccess := Read/Write, Required := false, Visible := true)"
TAG,MV_FBD:AOI,Open_TM,"","DINT","","(RADIX := Decimal, Usage := Input, ExternalAccess := Read/Write, Required := false, Visible := true)"
TAG,MV_FBD:AOI,ZSC,"","BOOL","","(RADIX := Decimal, Usage := Input, ExternalAccess := Read/Write, Required := false, Visible := true)"
TAG,MV_FBD:AOI,Close_TM,"","DINT","","(RADIX := Decimal, Usage := Input, ExternalAccess := Read/Write, Required := false, Visible := true)"
TAG,MV_FBD:AOI,Cmd,"","INT","","(RADIX := Decimal, Usage := InOut, Constant := false, Required := true, Visible := true)"
TAG,MV_FBD:AOI,HMI,"","MV_UDT","","(Usage := InOut, Constant := false, Required := true, Visible := true)"
TAG,MV_FBD:AOI,TON_Open_TM,"","FBD_TIMER","","(Usage := Local, ExternalAccess := None)"
TAG,MV_FBD:AOI,TON_Close_TM,"","FBD_TIMER","","(Usage := Local, ExternalAccess := None)"
TYPE,SCOPE,NAME,DESCRIPTION,DATATYPE,SPECIFIER,ATTRIBUTES
TAG,PMP_FBD:AOI,Cmd_Start,"","BOOL","","(RADIX := Decimal, Usage := Output, ExternalAccess := Read/Write, Required := false, Visible := true)"
TAG,PMP_FBD:AOI,Avl,"","BOOL","","(RADIX := Decimal, Usage := Output, ExternalAccess := Read/Write, Required := false, Visible := true)"
TAG,PMP_FBD:AOI,Fault,"","BOOL","","(RADIX := Decimal, Usage := Output, ExternalAccess := Read/Write, Required := false, Visible := true)"
TAG,PMP_FBD:AOI,FT_Stop,"","BOOL","","(RADIX := Decimal, Usage := Output, ExternalAccess := Read/Write, Required := false, Visible := true)"
TAG,PMP_FBD:AOI,FT_Start,"","BOOL","","(RADIX := Decimal, Usage := Output, ExternalAccess := Read/Write, Required := false, Visible := true)"
TAG,PMP_FBD:AOI,RunHr,"","REAL","","(RADIX := Float, Usage := Output, ExternalAccess := Read/Write, Required := false, Visible := true)"
TAG,PMP_FBD:AOI,Total_RunHr,"","REAL","","(RADIX := Float, Usage := Output, ExternalAccess := Read/Write, Required := false, Visible := true)"
TAG,PMP_FBD:AOI,SD,"","DINT","","(RADIX := Decimal, Usage := Output, ExternalAccess := Read Only, Required := false, Visible := true)"
TAG,PMP_FBD:AOI,Auto,"","BOOL","","(RADIX := Decimal, Usage := Input, ExternalAccess := Read/Write, Required := false, Visible := true)"
TAG,PMP_FBD:AOI,AutoInp,"","BOOL","","(RADIX := Decimal, Usage := Input, ExternalAccess := Read/Write, Required := false, Visible := true)"
TAG,PMP_FBD:AOI,Remote,"","BOOL","","(RADIX := Decimal, Usage := Input, ExternalAccess := Read/Write, Required := false, Visible := true)"
TAG,PMP_FBD:AOI,Run,"","BOOL","","(RADIX := Decimal, Usage := Input, ExternalAccess := Read/Write, Required := false, Visible := true)"
TAG,PMP_FBD:AOI,Trip,"","BOOL","","(RADIX := Decimal, Usage := Input, ExternalAccess := Read/Write, Required := false, Visible := true)"
TAG,PMP_FBD:AOI,Start_TM,"","DINT","","(RADIX := Decimal, Usage := Input, ExternalAccess := Read/Write, Required := false, Visible := true)"
TAG,PMP_FBD:AOI,Stop_TM,"","DINT","","(RADIX := Decimal, Usage := Input, ExternalAccess := Read/Write, Required := false, Visible := true)"
TAG,PMP_FBD:AOI,Rst,"","BOOL","","(RADIX := Decimal, Usage := Input, ExternalAccess := Read/Write, Required := false, Visible := true)"
TAG,PMP_FBD:AOI,Rst_RunHr,"","BOOL","","(RADIX := Decimal, Usage := Input, ExternalAccess := Read/Write, Required := false, Visible := true)"
TAG,PMP_FBD:AOI,Permissive,"","DINT","","(RADIX := Decimal, Usage := Input, ExternalAccess := Read/Write, Required := false, Visible := true)"
TAG,PMP_FBD:AOI,Shutdown,"","DINT","","(RADIX := Decimal, Usage := Input, ExternalAccess := Read/Write, Required := false, Visible := true)"
TAG,PMP_FBD:AOI,RunMin,"","REAL","","(RADIX := Float, Usage := InOut, Constant := false, Required := true, Visible := true)"
TAG,PMP_FBD:AOI,Total_RunMin,"","REAL","","(RADIX := Float, Usage := InOut, Constant := false, Required := true, Visible := true)"
TAG,PMP_FBD:AOI,Cmd,"","INT","","(RADIX := Decimal, Usage := InOut, Constant := false, Required := true, Visible := true)"
TAG,PMP_FBD:AOI,HMI,"","PMP_UDT","","(Usage := InOut, Constant := false, Required := true, Visible := true)"
TAG,PMP_FBD:AOI,TON_Start_TM,"","FBD_TIMER","","(Usage := Local, ExternalAccess := None)"
TAG,PMP_FBD:AOI,TON_Stop_TM,"","FBD_TIMER","","(Usage := Local, ExternalAccess := None)"
TAG,PMP_FBD:AOI,_Min_P,"","BOOL","","(RADIX := Decimal, Usage := Local, ExternalAccess := None)"
TAG,PMP_FBD:AOI,TON_Min,"","FBD_TIMER","","(Usage := Local, ExternalAccess := None)"
TAG,PMP_FBD:AOI,R_TRIG_SEC,"","FBD_ONESHOT","","(Usage := Local, ExternalAccess := None)"
TYPE,SCOPE,NAME,DESCRIPTION,DATATYPE,SPECIFIER,ATTRIBUTES
TAG,SWITCH_FBD:AOI,Alarm,"","BOOL","","(RADIX := Decimal, Usage := Input, ExternalAccess := Read/Write, Required := false, Visible := true)"
TAG,SWITCH_FBD:AOI,Delay,"","DINT","","(RADIX := Decimal, Usage := Input, ExternalAccess := Read/Write, Required := true, Visible := true)"
TAG,SWITCH_FBD:AOI,Status,"","BOOL","","(RADIX := Decimal, Usage := Output, ExternalAccess := None, Required := true, Visible := true)"
TAG,SWITCH_FBD:AOI,HMI,"","SWITCH_UDT","","(Usage := InOut, Constant := false, Required := true, Visible := true)"
TAG,SWITCH_FBD:AOI,TON_Delay_Sec,"","FBD_TIMER","","(Usage := Local, ExternalAccess := None)"
